Park,9640
2nd / Second,8232
Oak,8191
1st / First,8151
3rd / Third,7748
Maple,7608
Pine,7013
4th / Fourth,6914
Cedar,6805
Main,6472
5th / Fifth,6287
Sunset,5882
Elm,5645
6th / Sixth,5609
Walnut,5250
Willow,5217
Lake,5126
Washington,4974
7th / Seventh,4937
Hickory,4669
Dogwood,4604
Church,4603
Ridge,4477
Lincoln,4462
River,4453
8th / Eighth,4440
Lakeview,4371
Highland,4295
Jackson,4240
Meadow,4216
Forest,4173
Cherry,4126
North,4038
Johnson,4029
Railroad,4008
Wilson,4001
Smith,4000
Woodland,3947
Hill,3942
9th / Ninth,3931
Spruce,3931
10th / Tenth,3886
Birch,3861
Chestnut,3785
Center,3722
West,3697
Adams,3672
Williams,3672
Jefferson,3609
Evergreen,3592
Davis,3513
Taylor,3506
Poplar,3495
Magnolia,3486
Sycamore,3484
South,3475
Spring,3473
Orchard,3451
Hillcrest,3436
Valley,3392
Miller,3360
Lee,3293
Laurel,3234
Franklin,3224
11th / Eleventh,3220
Ash,3211
Holly,3145
East,3108
Clark,3078
Locust,3044
Hillside,3040
Madison,3032
12th / Twelfth,3005
Brown,2996
Thomas,2974
Mill,2961
County Line,2902
Summit,2899
Martin,2891
Cypress,2887
Jones,2884
James,2877
Rose,2874
Hilltop,2839
Aspen,2807
Liberty,2777
Grant,2741
Sunrise,2729
Eagle,2701
Scott,2698
Fairview,2693
13th / Thirteenth,2625
Allen,2625
Village,2618
Short,2615
School,2610
Green,2601
14th / Fourteenth,2587
Cardinal,2566
Cottonwood,2564
Central,2540
Oakwood,2539
Circle,2507
College,2504
King,2495
Wildwood,2486
Anderson,2483
Hemlock,2465
Robin,2440
Harrison,2420
Cherokee,2409
Broadway,2403
Mulberry,2400
Juniper,2395
Airport,2393
Walker,2387
Industrial,2378
Monroe,2367
Lewis,2362
15th / Fifteenth,2354
Edgewood,2332
Morgan,2329
Grove,2328
Quail,2325
Country Club,2324
Thompson,2314
Virginia,2314
Cemetery,2302
Fairway,2288
Elizabeth,2254
High,2246
16th / Sixteenth,2242
Fox,2224
Valley View,2219
Wood,2217
Riverview,2213
Douglas,2205
Baker,2202
Heritage,2192
Garden,2179
Linden,2174
Hamilton,2167
Riverside,2162
Deer,2151
Lakeside,2147
Howard,2145
Charles,2109
Greenwood,2086
Moore,2086
Shady,2084
Windsor,2075
Union,2057
Kelly,2037
Parker,2036
White Oak,2029
Harris,2017
Country,2011
17th / Seventeenth,2004
Pleasant,2003
Beech,1990
Prospect,1981
Grandview,1967
Hawthorne,1962
Pearl,1957
Mitchell,1954
18th / Eighteenth,1945
Russell,1942
Shore,1929
Redwood,1928
A,1917
Sherwood,1912
State,1906
Roberts,1899
White,1898
Crescent,1896
Nelson,1895
Crestview,1894
Mountain View,1891
Hall,1887
Overlook,1883
Pecan,1856
Marshall,1855
Campbell,1849
Briarwood,1841
Terrace,1833
Carter,1831
Ivy,1823
Warren,1823
Front,1820
Hampton,1813
20th,1809
Bell,1801
Vista,1799
Roosevelt,1790
Hunter,1782
Vine,1782
Arrowhead,1775
Prairie,1774
19th / Nineteenth,1764
Homestead,1758
Mallard,1756
Parkview,1748
Commerce,1741
Rosewood,1740
Stewart,1729
Tower,1713
Heather,1711
Oxford,1710
Evans,1704
Kennedy,1700
Cambridge,1699
Water,1698
Market,1685
Colonial,1681
Creek,1679
Pioneer,1670
Austin,1661
Victoria,1656
Acorn,1655
Brookside,1654
Morris,1653
Westwood,1650
Ashley,1648
Rainbow,1647
Lakewood,1645
B,1644
Robinson,1641
Perry,1639
Bay,1638
Clover,1635
Cooper,1635
Henry,1634
Lynn,1634
Phillips,1626
21st,1615
Skyline,1613
Columbia,1608
Turner,1601
Timber,1596
Autumn,1595
Apache,1594
Apple,1593
Red Oak,1593
Sherman,1593
Pinewood,1588
Cross,1587
Primrose,1584
Azalea,1583
Wright,1581
Concord,1579
Mary,1579
Creekside,1575
Rogers,1573
Cleveland,1572
Glenwood,1572
22nd,1571
Ridgewood,1571
Marion,1568
Alpine,1566
Bailey,1559
Lawrence,1554
Olive,1553
Ponderosa,1552
Lakeshore,1546
Emerald,1542
Linda,1541
Lexington,1537
Grace,1535
Fawn,1530
Alexander,1529
Collins,1528
Mountain,1526
Hummingbird,1525
Palmer,1523
Honeysuckle,1522
Ross,1522
Cottage,1519
Plum,1515
Edwards,1511
Myrtle,1511
Kings,1509
Tyler,1504
Fern,1496
Brook,1491
Butler,1490
Hudson,1488
Oak Ridge,1488
Deerfield,1487
Falcon,1485
Stone,1485
Tanglewood,1482
Woods,1482
Paradise,1479
Horseshoe,1475
Maplewood,1472
Garfield,1469
Elmwood,1468
Beach,1467
Bridge,1464
Jordan,1459
Ridgeview,1458
C,1457
Grand,1455
Pheasant,1455
Mason,1450
Canal,1448
Dove,1448
Logan,1439
Canterbury,1436
Lilac,1434
Mockingbird,1433
Clay,1423
Meadowlark,1423
24th,1421
23rd,1420
Court,1418
Michael,1417
Reed,1417
Long,1416
Bluebird,1414
York,1407
25th,1402
Deer Run,1386
George,1383
Meadowbrook,1381
Watson,1380
Beechwood,1378
Arbor,1375
Belmont,1375
Palm,1373
Foster,1371
Manor,1371
Ford,1369
Sandy,1366
Bennett,1363
Ward,1360
Lafayette,1356
Woodlawn,1355
David,1353
Gordon,1350
Young,1349
Beverly,1343
Wallace,1342
Crestwood,1333
Cook,1332
30th,1327
Florence,1325
Woodside,1324
Berry,1322
Carriage,1319
Montgomery,1311
Daisy,1308
Ellis,1307
Brooks,1306
Bradford,1302
Division,1302
Crystal,1299
Kent,1299
McKinley,1299
D,1298
Clinton,1295
Parkway,1295
Pine Ridge,1295
Bradley,1294
Beaver,1293
Scenic,1291
Birchwood,1286
Fir,1283
Brentwood,1281
Pierce,1280
Independence,1277
Winchester,1277
Cove,1275
Depot,1275
E,1271
Oakland,1258
Peach,1257
Arlington,1256
Oak Hill,1256
Diamond,1251
Patterson,1251
Canyon,1243
Graham,1241
Iris,1241
Dale,1240
28th,1239
Live Oak,1235
27th,1234
26th,1233
Ruby,1228
Orange,1225
Curtis,1224
Driftwood,1224
Shannon,1224
Seminole,1223
Hayes,1220
Sharon,1219
Fisher,1217
Webster,1216
Porter,1214
Sterling,1211
Hazel,1203
Summer,1203
Powell,1194
Kimberly,1193
Spencer,1193
Wellington,1190
Crawford,1188
Dover,1186
Frontage,1184
Royal,1183
Delaware,1179
Henderson,1177
John,1177
Wells,1176
Harmony,1175
Partridge,1170
Ryan,1168
Pond,1166
Harvest,1161
Crest,1160
Stevens,1159
Glen,1158
Ohio,1157
Huntington,1156
Mohawk,1154
Arthur,1152
Harbor,1149
Plantation,1142
Sage,1142
29th,1138
Westview,1138
Fairfield,1136
Hope,1136
Francis,1134
Salem,1134
Indian,1133
Greenbriar,1131
Augusta,1128
Branch,1128
Wayne,1128
Longview,1127
Ridgeway,1127
Midway,1126
Morningside,1126
Sheridan,1125
Amber,1123
Cheyenne,1120
Cole,1120
Reynolds,1118
Sunshine,1118
Murray,1117
Ann,1115
Richmond,1114
Bryant,1111
Pine Tree,1110
Carol,1106
Dakota,1103
Arnold,1102
Shawnee,1098
May,1097
Oriole,1096
Redbud,1094
Mimosa,1092
Sierra,1091
Bluff,1090
Essex,1090
Somerset,1090
Sunflower,1090
Elk,1089
Glendale,1089
Western,1089
Price,1087
Terry,1086
Seneca,1084
Duncan,1083
Wedgewood,1081
32nd,1079
University,1079
Nottingham,1078
31st,1076
Victory,1076
40th,1072
Laura,1072
Broad,1071
Tamarack,1071
Stanley,1066
Kensington,1064
Alder,1062
Pinehurst,1062
Ironwood,1061
Middle,1060
Blackberry,1059
Stratford,1057
Cumberland,1056
Freedom,1054
Penny,1054
Princeton,1054
Georgia,1053
Michigan,1053
Murphy,1053
Wheeler,1053
Clearview,1052
William,1052
Barbara,1051
100th,1049
Baldwin,1049
Bishop,1049
View,1048
Academy,1047
Cobblestone,1046
Pinecrest,1045
35th,1044
Commercial,1041
Gibson,1040
Ruth,1037
Gray,1036
Rocky,1035
Holiday,1034
Sunnyside,1034
Point,1032
Tulip,1031
Jasmine,1030
Emerson,1029
Newton,1028
Boulder,1027
Hughes,1027
Edgewater,1020
Cameron,1017
Richard,1017
Coleman,1014
Wren,1014
Bristol,1013
Buffalo,1011
Cascade,1010
Preston,1009
Hillview,1004
Sleepy Hollow,1004
33rd,1002
Ranch,1002
Coyote,1001
Hancock,1001
Forrest,1000
Island,1000
Carroll,999
Richardson,999
Margaret,998
Easy,997
Daniel,993
Pin Oak,988
Chase,987
Pennsylvania,987
34th,986
Jennifer,986
Karen,982
Quarry,980
Wildflower,980
Silver,979
Field,978
Gilbert,978
Melody,978
Granite,977
36th,975
Helen,974
Oak Grove,974
Oliver,973
Barnes,972
Dean,972
Castle,971
Drake,970
Fernwood,970
Fulton,970
Lisa,970
Parkside,970
Meadowview,969
Raymond,969
Old Mill,968
Rice,968
Whitney,967
Chelsea,966
Wall,966
Nancy,965
Farm,964
Lake Shore,961
Mustang,961
County,959
Dixie,959
Boyd,957
Harding,956
Hunters,956
Susan,956
Dewey,955
Navajo,955
Shamrock,955
Shirley,955
Craig,954
Tucker,952
Enterprise,951
F,951
Holland,948
Leonard,945
Sullivan,944
Eastwood,943
Harvey,943
Glenn,942
Gregory,942
Osage,942
Lancaster,941
Wesley,941
Carpenter,940
Vernon,940
Bayberry,939
Patricia,939
Christopher,938
Hunt,938
Kingston,938
Chapel,937
Hidden Valley,937
Colorado,936
Mark,936
Ray,936
Colony,935
37th,934
Texas,933
Chapman,930
Melrose,929
Sheffield,928
Cox,926
Houston,926
Whitetail,926
Camp,924
Greenfield,924
Oakridge,924
Wilderness,924
Buckeye,923
Griffin,923
Trinity,923
Dixon,922
Larkspur,922
Robert,922
Clayton,921
Joseph,921
Bruce,920
Columbus,920
Indiana,920
Norwood,920
Parkwood,920
Lane,918
Surrey,918
Brookwood,917
Freeman,916
Alice,915
Dawn,915
Sparrow,915
Strawberry,913
Wisteria,913
42nd,912
Buckingham,911
Holmes,911
Mill Creek,911
Sylvan,911
Rock,910
Webb,910
Chandler,909
Harvard,909
Pacific,909
Sutton,909
Randolph,907
Ridgecrest,907
Woodridge,907
Sandpiper,906
Skyview,906
Coventry,905
Fieldstone,904
Allison,903
McDonald,902
Avalon,897
Bayview,895
Manchester,894
Sawmill,893
Lookout,891
Brighton,889
Carson,888
Jay,887
Louise,887
Peachtree,886
Weaver,886
Buck,885
Simpson,884
Norman,883
Balsam,882
Bedford,882
Blueberry,882
Van Buren,882
Paul,881
38th,880
50th,879
Raven,879
Woodcrest,878
Memory,875
Polk,875
Swan,875
Shaw,874
Abbey,872
Oakdale,872
Benton,871
Willis,871
Florida,870
White Pine,870
Chester,869
Star,869
Anthony,868
Armstrong,868
Knollwood,868
39th,867
Memorial,863
Newport,863
Sequoia,862
Buena Vista,859
Brandon,858
Waverly,858
Blossom,857
Northwood,857
Twin Oaks,856
Andrews,855
Burton,854
G,854
Gardner,853
California,852
Bryan,851
Buchanan,849
Haven,849
Kentucky,849
Lois,849
Saratoga,849
Echo,848
Gary,848
41st,847
Waterford,847
Timberline,846
Hawk,845
Todd,844
Camelot,843
Marie,841
Harper,840
Osprey,840
Patton,840
Beacon,839
Blair,838
Charlotte,836
Hart,835
Hoover,835
Mills,833
Golden,832
45th,831
Iowa,831
Burns,830
Perkins,830
Plaza,830
Sanders,830
Berkshire,829
Heron,829
Lark,827
Bass,826
Pineview,826
Spring Creek,826
43rd,824
Nichols,823
Villa,821
Carlton,820
Owens,820
Brittany,819
60th,815
Blue Heron,815
Knight,814
Penn,814
Donna,813
Plymouth,812
Rolling Hills,812
Auburn,811
Camden,811
Leslie,810
Windmill,809
Yale,809
Teal,808
Oregon,806
Rebecca,806
Violet,806
Frederick,804
Tiffany,802
Winter,801
Keystone,800
Myers,800
Timber Ridge,800
New,797
Simmons,796
Fox Run,795
Santa Fe,795
Temple,794
Woodhaven,794
Marina,793
Taft,793
Whispering Pines,793
48th,791
Catherine,791
Clubhouse,791
Springfield,791
Cliff,790
Randall,789
Blue Jay,788
Moss,788
44th,787
Cedar Ridge,787
Patrick,787
Gateway,785
Joyce,785
Travis,785
Hanover,784
Remington,783
Albert,782
Blue Ridge,782
Palmetto,782
Mission,780
Cornell,779
Duke,779
Fork,779
Peterson,779
Providence,779
Butternut,778
Churchill,778
Riley,778
Sioux,778
47th,777
Carolina,777
Illinois,777
Joy,777
Meridian,776
Countryside,775
Deer Creek,774
Oakmont,774
Milton,773
Page,773
Maxwell,772
Noble,772
Boxwood,771
H,771
Red Fox,771
120th,770
Derby,770
Edward,770
Sarah,770
Amanda,768
Crane,768
Frontier,768
Sandstone,767
Ashwood,764
Club,763
Finch,763
Savannah,763
110th,760
Fuller,759
Jenkins,758
Little,757
Kenwood,756
Monterey,754
Yorkshire,754
Greenway,753
Chatham,752
Mesa,752
Blake,751
Loop,751
Pawnee,751
Fountain,750
Morton,748
Centennial,747
46th,746
Barton,746
Devonshire,746
Morrison,746
Elliott,745
Horizon,745
Iroquois,744
Pike,744
Dennis,743
Kansas,742
Jasper,741
Walton,741
Persimmon,740
Raintree,740
Shiloh,740
Wagner,740
Stagecoach,739
Tara,739
Euclid,738
Whippoorwill,738
Andrew,737
Bear,737
Serenity,737
Cedarwood,736
Garrett,736
Lake View,736
Pleasant View,736
Wolf,736
Clearwater,735
150th,734
Emily,734
Martha,734
Lindsey,733
Opal,733
Pine Hill,733
Fremont,731
Doe,730
Palomino,729
Pebble,729
Choctaw,728
Knox,727
Oakview,727
Willow Creek,727
Woodbine,727
Ferguson,726
Shelby,726
Carver,725
52nd,723
Amy,723
Clifton,723
Meadows,723
Dawson,722
Westminster,722
Fowler,721
Green Acres,721
Highview,721
Aberdeen,720
Linwood,720
Spring Valley,720
Alabama,719
Chippewa,719
Dunn,719
Pine Grove,719
Dana,718
Delta,718
80th,717
Erie,717
Coral,716
Dorothy,716
Marigold,716
Cindy,715
Hale,715
140th,714
130th,713
55th,712
Aster,712
Friendship,712
Howell,712
Huckleberry,712
Comanche,711
Everett,711
Sundance,711
Flint,710
Marsh,710
Bush,709
Devon,709
Stuart,707
Ashland,706
Jade,706
Hawkins,705
Jason,705
Avon,704
Bonnie,704
Cannon,704
160th,703
Access,703
Bond,702
Atlantic,701
Applewood,700
Maryland,700
Courtney,699
Dallas,699
Earl,697
Kay,697
Montana,697
Deerwood,696
Inverness,696
70th,695
Caldwell,695
Mesquite,695
Cactus,694
Downing,694
Huron,693
Amherst,692
Eden,692
Tomahawk,692
Winston,691
Hastings,690
Shadow,690
Williamsburg,690
Briar,689
Stephens,689
54th,688
Crown,688
Woodview,687